{
  "HTTP POST/auth" : {
    "transaction" : "HTTP POST/auth",
    "sampleCount" : 250,
    "errorCount" : 0,
    "errorPct" : 0.0,
    "meanResTime" : 143.5799999999999,
    "medianResTime" : 143.0,
    "minResTime" : 83.0,
    "maxResTime" : 226.0,
    "pct1ResTime" : 188.9,
    "pct2ResTime" : 196.0,
    "pct3ResTime" : 202.0,
    "throughput" : 7.682851874615857,
    "receivedKBytesPerSec" : 3.0806435348801475,
    "sentKBytesPerSec" : 1.811172307160418
  },
  "POST /cart" : {
    "transaction" : "POST /cart",
    "sampleCount" : 250,
    "errorCount" : 0,
    "errorPct" : 0.0,
    "meanResTime" : 162.68000000000012,
    "medianResTime" : 166.0,
    "minResTime" : 64.0,
    "maxResTime" : 261.0,
    "pct1ResTime" : 242.0,
    "pct2ResTime" : 250.89999999999998,
    "pct3ResTime" : 259.0,
    "throughput" : 7.674832688647387,
    "receivedKBytesPerSec" : 1.7445554257229694,
    "sentKBytesPerSec" : 2.6727005241910726
  },
  "GET /products" : {
    "transaction" : "GET /products",
    "sampleCount" : 250,
    "errorCount" : 0,
    "errorPct" : 0.0,
    "meanResTime" : 128.94399999999996,
    "medianResTime" : 129.0,
    "minResTime" : 53.0,
    "maxResTime" : 202.0,
    "pct1ResTime" : 189.0,
    "pct2ResTime" : 195.0,
    "pct3ResTime" : 199.49,
    "throughput" : 7.70867379975949,
    "receivedKBytesPerSec" : 2.115368493879313,
    "sentKBytesPerSec" : 1.1593122706669545
  },
  "Debug Sampler" : {
    "transaction" : "Debug Sampler",
    "sampleCount" : 250,
    "errorCount" : 0,
    "errorPct" : 0.0,
    "meanResTime" : 0.12799999999999986,
    "medianResTime" : 0.0,
    "minResTime" : 0.0,
    "maxResTime" : 3.0,
    "pct1ResTime" : 1.0,
    "pct2ResTime" : 1.0,
    "pct3ResTime" : 1.490000000000009,
    "throughput" : 7.714144655640583,
    "receivedKBytesPerSec" : 3.8320616244445813,
    "sentKBytesPerSec" : 0.0
  },
  "Total" : {
    "transaction" : "Total",
    "sampleCount" : 1750,
    "errorCount" : 0,
    "errorPct" : 0.0,
    "meanResTime" : 122.09771428571433,
    "medianResTime" : 125.0,
    "minResTime" : 0.0,
    "maxResTime" : 422.0,
    "pct1ResTime" : 244.0,
    "pct2ResTime" : 322.0,
    "pct3ResTime" : 400.98,
    "throughput" : 52.6743521054691,
    "receivedKBytesPerSec" : 16.757821906134303,
    "sentKBytesPerSec" : 9.658924163982784
  },
  "POST /auth" : {
    "transaction" : "POST /auth",
    "sampleCount" : 250,
    "errorCount" : 0,
    "errorPct" : 0.0,
    "meanResTime" : 141.8479999999999,
    "medianResTime" : 140.0,
    "minResTime" : 81.0,
    "maxResTime" : 202.0,
    "pct1ResTime" : 191.9,
    "pct2ResTime" : 195.45,
    "pct3ResTime" : 201.0,
    "throughput" : 7.712002961409137,
    "receivedKBytesPerSec" : 2.8814573564796246,
    "sentKBytesPerSec" : 1.7803881836690625
  },
  "GET /health" : {
    "transaction" : "GET /health",
    "sampleCount" : 250,
    "errorCount" : 0,
    "errorPct" : 0.0,
    "meanResTime" : 0.9960000000000004,
    "medianResTime" : 1.0,
    "minResTime" : 0.0,
    "maxResTime" : 5.0,
    "pct1ResTime" : 2.0,
    "pct2ResTime" : 2.0,
    "pct3ResTime" : 3.490000000000009,
    "throughput" : 7.737782042155437,
    "receivedKBytesPerSec" : 1.6397448272927049,
    "sentKBytesPerSec" : 1.1485770218824478
  },
  "POST /checkout" : {
    "transaction" : "POST /checkout",
    "sampleCount" : 250,
    "errorCount" : 0,
    "errorPct" : 0.0,
    "meanResTime" : 276.50800000000004,
    "medianResTime" : 272.5,
    "minResTime" : 122.0,
    "maxResTime" : 422.0,
    "pct1ResTime" : 391.9,
    "pct2ResTime" : 408.0,
    "pct3ResTime" : 418.98,
    "throughput" : 7.6560298891406875,
    "receivedKBytesPerSec" : 1.8525797949715195,
    "sentKBytesPerSec" : 1.3009269538188275
  }
}